geo,name,1990,1991,1992,1993,1994,1995,1996,1997,1998,1999,2000,2001,2002,2003,2004,2005,2006,2007,2008,2009,2010,2011,2012,2013,2014,2015,2016,2017,2018,2019,2020,2021,2022,2023,2024,2025
afg,Afghanistan,,,,,,,,,,,,0.00472,0.00456,0.08789,0.10581,1.22415,2.10712,1.9,1.84,3.55,4,5,5.4545,5.9,7,8.26,11,13.5,16.8,17.6,17.0485,16.5143,15.8663,15.9284,16.095,
ago,Angola,,,,,,,0.00078,0.00567,0.0185,0.072,0.10505,0.13601,0.27038,0.37068,0.46481,1.1434,1.5,1.7,1.9,2.3,2.8,4.7,7.7,13,21.36234,22,23.2,26,29,32.1294,33.3209,34.5565,35.838,37.8859,40.7048,
alb,Albania,,,,,,0.0112,0.0322,0.0486,0.065,0.0814,0.1141,0.3258,0.39008,0.9719,2.42039,6.04389,9.61,15.0361,23.86,41.2,45,47,49.4,51.8,54.3,56.9,59.6,62.4,65.4,68.55039,72.23768,79.32372,82.61368,83.13559,85.8639,
and,Andorra,,,,,,,1.53,3.05,6.89,7.64,10.53884,,11.26047,13.54641,26.83795,37.60577,48.93685,70.87,70.04,78.53,81,81,82.7,84.4,86.1,87.9,89.7,91.56747,93.5,90.7187,93.2057,93.8975,94.0517,94.215,94.3976,
are,UAE,,,,,,0.103,0.375,3.3,6.91,14.9,23.6253,26.27175,28.31649,29.47795,30.1313,40,52,61,63,64,68,78,84.99999,88,90.40001,90.5,90.60001,94.81992,98.45,99.15,100,100,100,100,100,
arg,Argentina,,,0.00299,0.0295,0.0437,0.0863,0.142,0.28,0.831,3.28,7.03868,9.78081,10.88212,11.9137,16.03668,17.72058,20.9272,25.94663,28.11262,34,45,51,55.8,59.9,64.7,68.04306,70.96898,74.29491,77.7,79.94695,85.51439,87.15071,88.37536,89.22897,89.66715,
arm,Armenia,,,,,0.00912,0.0527,0.0946,0.112,0.129,0.971,1.30047,1.63109,1.96041,4.57522,4.89901,5.253,5.6318,6.0213,6.21,15.3,25,32,37.5,41.9,54.62281,59.10083,64.34603,64.74488,68.24505,66.54395,76.5077,78.61226,77.02767,79.99663,81.3393,
atg,Antigua and Barbuda,,,,,,2.2,2.86,3.48,4.07,5.3,6.48223,8.89929,12.5,17.22865,24.26654,27,30,34,38,42,47,52,58,63.4,67.78,70,70.2716,70.5442,70.8179,71.0926,71.3684,71.6453,71.9233,72.1241,72.7304,
aus,Australia,0.585,1.1,1.77,1.97,2.23,2.76,3.28,16.4,30.8,40.8,46.75612,52.68927,,,,63,66,69.45,71.67,74.25,76,79.4877,79,83.4535,84,84.56051,86.54,86.54505,90.0082,93.6099,94.6935,96.9722,96.1194,96.1161,96.1314,
aut,Austria,0.13,0.259,0.643,0.765,1.39,1.89,6.91,9.53,15.4,23,33.73013,39.18545,36.56,42.7,54.28,58,63.6,69.37,72.87,73.45,75.17,78.73999,80.02999,80.6188,80.99582,83.94014,84.32374,87.93559,87.47914,87.7522,87.52943,92.52915,93.61409,95.33467,94.91975,91.92573
aze,Azerbaijan,,,,,0.00143,0.00206,0.00635,0.0252,0.0375,0.0992,0.14776,0.30556,4.99971,,,8.0304,11.9922,14.54,17.08,27.4,46,50,54.2,73,75.00002,77,78.2,79,79.8,81.1,84.6,85.99999,88,89,90.4398,90.8
bdi,Burundi,,,,,,,0.0008,0.00798,0.0158,0.0392,0.07725,0.106,0.11823,0.20127,0.34906,0.5421,0.6576,0.7,0.81,0.9,1,1.11,1.22,1.26422,1.04239,2,2.2,2.66075,4.0195,6.0722,6.4301,6.778,7.1448,7.1723,8.596,
bel,Belgium,0.00101,0.0201,0.1,0.199,0.696,0.992,2.97,4.94,7.89,13.8,29.43169,31.2884,46.33,49.97,53.86,55.82,61.98187,66.76042,68.85732,74.54415,77.63979,81.61,80.71999,82.1702,85.00124,85.05294,86.51648,87.67968,88.64734,90.27543,91.52642,92.78868,94.00783,94.62625,95.77579,
ben,Benin,,,,,,,0.00169,0.0246,0.0479,0.155,0.22525,0.36342,0.70295,0.95133,1.18254,1.271,1.5379,1.79,1.85,2.24,3.13,4.14832,4.5,4.9,6,11.255,14.5,18.7,19,20.501,22.1206,28.2047,30.5373,32.394,33.9838,
bfa,Burkina Faso,,,,,,,0.00096,0.0187,0.0454,0.0618,0.07708,0.15773,0.20099,0.37344,0.4003,0.4699,0.6327,0.75,0.92,1.13,2.4,3,3.725,5,6,6.5457,7.141,7.7904,8.4989,9.27181,12.9732,18.1522,25.3988,25.3612,28.2527,
bgd,Bangladesh,,,,,,,,0.00075,0.00368,0.0362,0.07104,0.12981,0.13992,0.16388,0.19904,0.2416,1,1.8,2.5,3.1,3.7,4.5,5,6.63,9.0529,12.3688,16.8991,21.5,25.5651,30.3831,36.1091,38.91744,41.6165,44.50274,53.42171,
bgr,Bulgaria,,,,0.00234,0.0195,0.12,0.725,1.22,1.84,2.91,5.37092,7.6123,9.08,12.04,18.13,19.97,27.09,33.64,39.67,45,46.23,47.97999,51.89999,53.0615,55.49038,56.65625,59.82555,63.4101,64.78201,67.94698,70.16248,75.27145,79.12686,80.38956,82.43896,
bhr,Bahrain,,,,,,0.346,0.843,1.65,3.22,4.72,6.15373,15.03863,18.05072,21.55494,21.45868,21.3037,28.244,32.91,51.95,53,55,76.99997,88,90.00004,90.50313,93.4783,97.99998,95.87814,98.64467,99.7015,99.67103,100,100,100,100,
bhs,Bahamas,,,,,,0.96,1.75,1.36,2.34,3.76,8,11.8,18,20,22,25,26,27,31.54,33.88,43,65,71.7482,72,76.92,78,80,80.6,83,90.6933,92.4437,92.3498,92.256,92.3873,92.4727,
bih,Bosnia and Herzegovina,,,,,,,0.0151,0.0594,0.144,0.194,1.08296,1.20053,2.64827,3.96504,15.46897,21.3267,25.12239,27.92,34.66,37.74,42.75,43.8877,45.0645,48.5213,49.9177,52.6,60.25654,64.89202,70.12014,69.94635,73.21175,75.6762,78.84554,83.37715,86.10091,
blr,Belarus,,,,,0.00049,0.00292,0.0293,0.049,0.0739,0.495,1.8604,4.30062,8.95097,,,,16.2,19.7,23,27.43,31.8,39.6489,46.91,54.17,59.01632,62.23036,71.11305,74.43645,79.12989,82.78915,85.08791,86.88841,89.50733,91.5125,94.26182,
blz,Belize,,,,,,0.0454,0.883,1.29,2.09,4.08,5.96384,,5.68425,,9.8,17,24,24.6,26.3,27.2,28.2,30.7,31,33.6,38.7,41.59,44.5757,48.8771,53.5936,58.7652,64.4359,70.6537,69.9833,70.1872,80.00582,
bol,Bolivia,,,,,,0.0668,0.196,0.448,0.626,0.982,1.44276,2.12046,3.11719,3.5086,4.43992,5.22758,6.20067,10.4992,12.5,16.8,22.4,30,35.34,36.99,34.60162,37.48682,39.6975,43.8323,44.28614,47.47482,59.9401,65.97738,72.6227,77.3004,79.7047,
bra,Brazil,,0.00329,0.0129,0.0255,0.0377,0.105,0.451,0.786,1.48,2.04,2.87069,4.52849,9.14943,13.20759,19.07367,21.02275,28.1784,30.88,33.83,39.22,40.65,45.69,48.56,51.04,54.551,58.32795,60.87254,67.47128,70.43428,73.91244,81.34269,80.68989,80.52775,84.1506,84.46347,
brb,Barbados,,,,,,0.00775,0.389,0.783,1.97,2.38,3.97368,11.93645,27.83632,39.68963,49.8,52.5,55.3,58.2,61.4,64.7,65.1,66.5,71.2,71.8,71.9246,72.0494,71.573,71.1485,70.7265,70.3071,69.8901,69.4756,69.0636,69.6751,70.3647,
brn,Brunei,,,,,,1.02,3.3,4.83,6.28,7.67,8.99628,12.91777,15.32988,19.595,29.7156,36.46639,42.18635,44.68,46,49,53,56,60.2731,64.5,68.77,71.2,90,94.8667,95,95,96.3055,97.6288,98.97043,98.9704,96.29829,
btn,Bhutan,,,,,,,,,,0.138,0.40094,0.86463,1.6758,2.43691,3.15698,3.8471,4.5183,5.92,6.55,7.17,13.6,14.4,15.6,22.4,30.3,39.8,46.5032,54.3355,63.4868,74.1794,76.8508,85.63688,88.3562,90.0214,91.2774,
bwa,Botswana,,,,,,0.0645,0.157,0.308,0.602,1.12,2.90267,3.43089,3.38592,3.34519,3.30489,3.2626,4.28993,5.28,6.25,6.15,6,9,16,30,36.74475,38.8938,41.1686,43.5764,46.1251,48.8228,51.6782,54.7007,57.9,,57.4595,
caf,Central African Republic,,,,,,,0.00585,0.0143,0.0279,0.0409,0.05339,0.07854,0.12854,0.15156,0.2234,0.2682,0.3112,0.37582,1,1.8,2,2.2,2.4,2.5,2.7,2.9,3.1,4,5.1,7.5092,,,13.7536,13.8417,13.7825,
can,Canada,0.361,0.57,0.916,1.18,2.38,4.16,6.76,15.1,24.9,36.2,51.3,60.2,61.5933,64.2,65.95596,71.66,72.4,73.2,76.7,80.3,80.3,83,83,85.8,87.12,90,91.16,92.7014,94.64,91.9129,92.3,93.9371,94,94.1453,94.3533,
che,Switzerland,0.596,1.18,1.75,2.17,2.72,3.55,4.55,15.1,24.8,34,47.1,55.1,61.4,65.1,67.8,70.1,75.7,77.2,79.2,81.3,83.9,85.19303,85.2,86.34,83.61725,87.47906,89.13469,89.68615,91.8,93.14609,94.35,95.56937,96.4528,97.34437,97.3444,97.32104
chl,Chile,,,0.0365,0.0718,0.141,0.347,0.683,1.06,1.66,4.1,16.6,19.1,22.1,25.47378,28.17791,31.1753,34.49775,35.9,37.3,41.56,45,52.24961,55.05,58,61.11,76.62959,83.55859,82.32749,84.9,85.0176,87.4593,90.2328,92.3182,94.45742,95.59024,
chn,China,,,,0.00017,0.00117,0.00495,0.0131,0.0324,0.169,0.708,1.77591,2.63965,4.5957,6.2,7.3,8.52326,10.52315,16,22.6,28.9,34.3,38.3,42.3001,45.8,47.9,50.3,53.2,54.3,65.3584,64.08088,70.05276,73.05324,75.61132,90.6,92,91.6
civ,Cote d'Ivoire,,,,,,0.0002,0.00841,0.0188,0.061,0.119,0.23146,0.39575,0.49793,0.75867,0.84928,1.0392,1.5249,1.8,1.9,2,2.7,2.9,4.4,6.6,10,38.44,41.20781,43.83992,37.54654,36.28895,36.0166,35.9507,38.41328,40.65285,41.4322,
cmr,Cameroon,,,,,,,,0.00677,0.0132,0.129,0.25212,0.27705,0.36087,0.58762,0.97608,1.4027,2.0287,2.93,3.4,3.84,4.3,5,7.5,10,16.21487,18.3,20.6,23.20297,29.7,36.5392,37.6975,38.8926,40.1256,42.2438,46.2588,
cod,"Congo, Dem. Rep.",,,,,,,0.00011,0.00021,0.00041,0.00101,0.0059,0.01148,0.09279,0.13491,0.19621,0.238,0.2961,0.37,0.44,0.56,0.72,1.2,1.68,2.2,3,3.8,10.1,,11.7,13.0297,14.5105,16.1596,17.9962,18.9679,19.6735,
cog,"Congo, Rep.",,,,,,,0.00353,0.00347,0.00342,0.0168,0.02635,0.03222,0.15725,0.46001,1.0775,1.4634,2.008,2.7597,4.28751,4.5,5,5.6,6.1067,6.6,7.11,7.616,8.1219,8.65,11.8071,16.1164,21.9985,30.0274,40.9867,43.1504,47.2516,
col,Colombia,,,,,0.107,0.188,0.33,0.551,1.13,1.7,2.20753,2.8542,4.6,7.38892,9.11869,11.00726,15.34167,21.8,25.6,30,36.5,40.35092,48.98,51.7,52.56814,55.90497,58.13649,62.25988,64.12638,65.0069,69.79533,73.02837,72.79638,77.33686,79.34543,
com,Comoros,,,,,,,,,0.0379,0.148,0.27174,0.44307,0.55487,0.84819,1.32733,2,2.2,2.5,3,3.5,5.1,5.5,5.9753,6.5,6.98,7.4592,7.9383,8.4782,,16.3838,22.4204,30.6812,31.3741,31.9275,32.5175,
cpv,Cape Verde,,,,,,,,0.241,0.473,1.16,1.82244,2.68533,3.51876,4.32489,5.31883,6.07409,6.80891,8.28322,14,21,30,32,34.74,37.5,40.26,42.68301,50.32282,57.16215,59.5,61.9434,69.3734,70.2825,73.3274,74.5992,74.7352,
cri,Costa Rica,,,0.00111,0.0815,0.28,0.417,0.841,1.64,2.67,3.9,5.80025,9.55948,19.89485,20.33361,20.79231,22.07,25.1,28.4,32.29,34.33,36.5,39.2122,47.5,45.96,53,59.76295,65.88045,71.58166,73.47973,81.2026,80.53019,82.74902,82.59801,85.39515,87.1702,
cub,Cuba,,,,,,0.00009,0.0319,0.0682,0.227,0.315,0.54118,1.07975,3.77059,5.24127,8.40798,9.73806,11.1596,11.69,12.94,14.33,15.9,16.01729,21.2,27.93,29.07018,37.3051,42.97868,57.1484,62.67892,67.97081,71.11908,67.64355,67.8841,69.5558,70.477,
cyp,Cyprus,,,0.0501,0.0564,0.111,0.41,0.673,4.38,8.89,11.3,15.25539,18.81876,28.32,30.09,33.83,32.81,35.83,40.77,42.31,49.81,52.99,56.85989,60.68987,65.4548,69.3287,71.71574,75.90021,80.74319,84.43358,86.06363,90.80195,90.75952,89.60099,91.2211,89.60099,
cze,Czech Republic,,,,0.581,1.26,1.45,1.94,2.92,3.9,6.83,9.78053,14.69717,23.93,34.3,35.5,35.27,47.93,51.93,62.97,64.43,68.82,70.49,73.43001,74.1104,74.23171,75.66884,76.4812,78.71917,80.68817,80.86694,81.3389,82.67062,84.54009,85.99405,87.68776,
deu,Germany,0.126,0.25,0.435,0.464,0.923,1.84,3.05,6.71,9.88,20.8,30.21635,31.65094,48.82,55.9,64.73,68.71,72.16,75.16,78,79,82,81.27,82.35,84.17,86.1937,87.5898,84.16521,84.39415,87.03711,88.13452,89.81294,91.43061,91.62984,92.47638,93.5,
dji,Djibouti,,,,,,0.016,0.0312,0.0829,0.0947,0.106,0.1945,0.34353,0.48697,0.62594,0.78132,0.9536,1.27,1.62,2.26,4,6.5,7,9.4,12.7,17,22.9,30.8,55.68141,57.0617,58.4762,59.9257,61.4112,63.776,64.7587,65.2989,
dma,Dominica,,,,,,0.549,1.17,,2.93,2.93,8.81484,13.24523,18.42489,23.62042,30.31961,38.5436,39.3982,40.2745,41.16,42.02,47.45,48.6,49.8,51,57.5,65,67.03,69.6197,,73.382,75.6567,78.0795,80.5798,81.3365,82.0469,
dnk,Denmark,0.0973,0.194,0.387,0.578,1.34,3.83,5.71,11.4,22.7,30.6,39.17243,42.95752,64.25,76.26,80.93,82.74,86.65,85.03,85.02,86.84,88.72,89.81001,92.26001,94.6297,95.99351,96.3305,96.96779,97.09936,97.3192,98.04643,96.54915,98.86585,97.86012,98.77559,99.76915,
dom,Dominican Republic,,,,,,0.0172,0.075,0.143,0.234,1.1,3.70469,4.42939,6.82373,7.89839,8.86555,11.4832,14.84493,17.66,20.82,27.72,31.4,38,42.32,45.9,49.58,54.21577,63.87086,67.57125,74.82205,79.7155,81.6173,85.24299,81.5127,86.1269,91.00224,
dza,Algeria,,,,,0.00036,0.00177,0.00174,0.0103,0.0202,0.2,0.49171,0.64611,1.59164,2.19536,4.63448,5.8439,7.37598,9.45119,10.18,11.23,12.5,14.9,18.2,22.5,29.5,38.2,42.9455,47.6911,49.03847,55.7907,63.4727,72.2124,74.7815,76.1976,77.4178,
ecu,Ecuador,,,0.00512,0.0164,0.0348,0.0438,0.0862,0.11,0.125,0.823,1.46219,2.67044,4.2608,4.46023,4.83444,5.9943,7.2,10.8,18.8,24.6,29.03,31.36681,35.13515,40.27912,45.59039,48.94043,54.06292,55.8,57.5,59.2,70.7,69.1148,69.71811,72.69431,77.17273,
egy,Egypt,,,,0.00098,0.00638,0.0313,0.0615,0.0905,0.148,0.29,0.64127,0.83895,2.72,4.03789,11.92,12.75,13.66,16.03,18.01,20,21.6,25.6,26.4,29.4,33.8946,37.81938,41.24807,44.9502,46.92434,57.28287,71.9142,72.056,72.19807,74.0119,74.6484,
eri,Eritrea,,,,,,,,0.00902,0.00877,0.0255,0.13671,0.15782,0.22709,,,,,0.41,0.47,0.54,0.61,0.7,0.8,0.9,0.99,1.0837,1.1771,2.4961,5.293,11.2238,14.3494,,,,,
esp,Spain,0.0129,0.0257,0.0768,0.128,0.28,0.381,1.33,2.8,4.36,7.09,13.62496,18.14872,20.39,39.93,44.01,47.88,50.37,55.11,59.6,62.4,65.8,67.09,69.81,71.635,76.18671,78.68963,80.56133,84.60225,86.10724,90.71867,93.20565,93.89752,94.48554,95.44565,95.75745,
est,Estonia,,,0.0655,0.301,1.16,2.78,3.53,5.71,10.8,14.5,28.57695,31.52749,41.52,45.32,53.2,61.45,63.51,66.19,70.58,72.5,74.1,76.5,78.38993,80.0043,84.24153,88.4097,87.24023,88.10246,89.35701,90.22893,89.05829,90.9797,91.52017,93.18342,92.23796,
eth,Ethiopia,,,,,,0.00002,0.0017,0.00497,0.00966,0.0125,0.01526,0.03716,0.0724,0.10581,0.15533,0.21966,0.31059,0.37,0.45,0.54,0.75,1.1,2.9,4.6,7.7,13.85518,15.36692,15.6244,15.8862,15.9846,16.0696,16.6981,17.9837,20.3375,21.9413,
fin,Finland,0.401,1.4,1.89,2.57,4.92,13.9,16.8,19.5,25.5,32.3,37.24846,43.10536,62.43,69.22,72.39,74.48,79.66,80.78,83.67,82.49,86.89,88.70999,89.88,91.5144,86.53039,86.42213,87.70365,87.46893,88.88996,89.60739,92.17027,92.80806,92.98879,93.51385,93.72405,
fji,Fiji,,,,0.00668,0.00791,0.00912,0.0644,0.223,0.633,0.942,1.49685,1.85798,6.15265,6.72543,7.41294,8.45364,9.60004,10.8978,13,17,20,28,33.7424,35.2,37.4,42.5,49.42,53.6474,58.2364,63.2179,68.6256,70.568,72.5655,74.1161,74.7052,
fra,France,0.0528,0.14,0.279,0.591,0.9,1.64,2.58,4.26,6.32,9.13,14.30792,26.3259,30.18,36.14,39.15,42.87,46.87,66.09,70.68,71.58,77.28,77.82,81.44,81.9198,83.7511,78.00604,79.26981,80.50246,82.04319,83.33974,84.7064,86.09549,85.33332,86.83636,88.65382,
fsm,"Micronesia, Fed. Sts.",,,,,,,0.278,0.571,1.86,2.8,3.73486,4.66053,5.5701,9.2325,11.01787,11.8814,12.7503,13.6211,14.49,15.35,20,22.8,25.9744,27.8,29.65,31.5011,33.3522,35.3041,36.6146,37.9737,39.3833,,39.0279,39.3989,39.5236,
gab,Gabon,,,,,,,,0.048,0.17,0.249,1.21614,1.34762,1.93953,2.65959,2.97907,4.89326,5.4892,5.767,7.5,9.5,13,18,24,30.538,38.0712,45.7845,48.0523,51.6049,55.4202,59.5176,63.9179,65.7681,67.6717,68.1979,68.7209,
gbr,UK,0.0874,0.174,0.261,0.52,1.04,1.9,4.12,7.39,13.7,21.3,26.82175,33.48109,56.48,64.82,65.61,70,68.82,75.09,78.39,83.56,85,85.38,87.48,89.8441,91.6133,92.0003,94.7758,90.42455,90.69201,92.51663,94.8182,96.1965,95.4653,95.4472,95.4721,
geo,Georgia,,,,,,0.0118,0.0401,0.0609,0.103,0.416,0.48475,0.99234,1.58788,2.55882,3.88622,6.0795,7.52688,8.26,10.01,20.07,26.9,31.52,36.94,43.3,49.10245,47.56976,58.45929,59.7055,62.71791,68.84671,72.53157,76.44271,78.71128,81.88426,83.79856,
gha,Ghana,,,,,,0.00035,0.00565,0.0275,0.0322,0.105,0.15362,0.20001,0.83028,1.19306,1.7168,1.8312,2.72318,3.85,4.27,5.44,7.8,9,10.6,15,19,23,28,37.8842,43,22.0732,62.5176,68.6,69.9133,70.6743,72.1757,
gin,Guinea,,,,,0.00014,0.00067,0.00195,0.0038,0.0062,0.0608,0.09542,0.17554,0.40202,0.45096,0.50882,0.5423,0.6375,0.78003,0.92,0.94,1,2,3.1,4.5,6.4,9.2,13.1,18.7,21.83002,23.8905,26.1455,28.6133,31.314,32.3156,33.3047,
gmb,Gambia,,,,,,0.00922,0.0355,0.0513,0.206,0.716,0.92179,1.33679,1.79678,2.43678,3.308,3.799,5.23769,6.20504,6.88,7.63,9.2,10.8703,12.4492,14,15.56,17.5995,19.9064,22.5156,28.309,31.1183,36.011,41.6731,48.2254,48.7283,49.4943,
gnb,Guinea-Bissau,,,,,,,,0.0164,0.0241,0.118,0.2301,0.29957,1.02299,1.3542,1.80814,1.9014,2.0572,2.2063,2.35489,2.30328,2.45,2.672,2.894,3.1,3.32,6.1,13.8,14.8,15.7,17.9215,20.4573,23.3519,27.6738,28.7124,29.7774,
gnq,Equatorial Guinea,,,,,,,,0.0415,0.0944,0.0974,0.13235,0.16526,0.3212,0.52052,0.84393,1.1498,1.2792,1.5571,1.82,2.13,6,11.5,13.9432,16.4,18.86,21.32,23.78,26.24,29.4,49.1337,55.0013,58.7173,63.6595,63.5195,63.2993,
grc,Greece,,0.0488,0.0483,0.191,0.378,0.75,1.4,1.85,3.22,6.88,9.13884,10.93503,14.67,17.8,21.42,24,32.25,35.88,38.2,42.4,44.4,51.65,55.06999,59.8663,63.20734,66.83496,69.08792,69.89297,72.23837,75.67121,78.11584,78.49426,83.17066,85.01022,86.26969,
grd,Grenada,,,,,,,0.298,0.991,1.48,2.47,4.06391,5.1281,14.75884,18.64518,19.57062,20.4878,21.396,22.29,23.18,24.05,27,30,32,35,51.6,52.5,53.3,54.2,61.4246,64.3128,65.6538,67.0228,68.4203,69.4131,70.1616,
gtm,Guatemala,,,,,,0.003,0.0195,0.0955,0.467,0.593,0.71233,1.7382,3.39175,4.54885,5.1,5.7,6.5,7.3,8.3,9.3,10.5,12.3,16,19.7,23.4,28.8059,34.5093,37.9,41.5,44.40105,47.5123,50.84165,54.4043,56.7267,60.2214,
guy,Guyana,,,,,,,0.0659,0.132,0.264,0.4,0.6,1,1.5,2.4,3.7,5.7,8.9,13.8,18.2,23.9,29.9,30,30.5,31,32,34,35.66,42.6753,48.5989,55.3127,62.954,71.6509,76.5624,79.3553,83.0008,
hnd,Honduras,,,,,,0.0368,0.0437,0.171,0.301,0.574,1.20386,1.41528,2.5974,4.8,5.6,6.5,7.8,9.4,9.6,9.8,11.09,15.9,18.12,17.8,23,27.13955,29.52822,31.73579,36.04006,39.38835,45.2483,51.9516,56.8807,58.0686,58.6227,
hrv,Croatia,,,,0.0972,0.268,0.514,0.859,1.73,3.27,4.41,6.64488,11.55857,17.76,22.75,30.91,33.14,37.98,41.44,44.24,50.58,56.55,57.78998,61.93997,66.7476,68.5679,69.84504,72.69727,67.09619,75.29463,79.07978,78.3209,81.25397,82.07156,83.24118,83.6324,
hti,Haiti,,,,,,,0.00748,,0.024,0.0707,0.23127,0.34083,0.89343,1.64736,5.40126,6.3762,6.796,7.2,7.6,8.1,8.37,9,9.8,10.6,11.4,14.2,22.8,27.2,32.47363,35.7641,39.3881,43.3792,47.7747,47.9927,47.8614,
hun,Hungary,,0.00338,0.0484,0.193,0.484,0.677,0.969,1.94,3.89,5.86,6.99968,14.52855,16.67,21.63,27.74,38.97,47.06,53.3,61,62,65,68.01999,70.58,72.6439,75.6532,72.83474,79.25941,76.75055,76.07436,80.37169,84.77115,88.64083,89.14283,91.45007,93.77899,
idn,Indonesia,,,,,0.00106,0.0261,0.0566,0.195,0.255,0.444,0.92556,2.01861,2.13414,2.38702,2.60029,3.60202,4.76481,5.78627,7.9175,6.92,10.92,12.28,14.52,14.94,17.14316,22.06274,25.44735,32.33581,39.90464,47.69065,53.72649,62.10448,66.48461,69.20837,72.78076,
ind,India,,,0.00011,0.00022,0.00107,0.0262,0.0463,0.0708,0.139,0.273,0.52753,0.66015,1.53788,1.68649,1.97614,2.3881,2.8055,3.95,4.38,5.12,7.5,10.07,11.1,12.3,13.5,14.9,16.5,18.2,20.0813,29.5235,43.40544,49.2581,55.9,60.2523,64.9435,70
irl,Ireland,,0.0568,0.17,0.281,0.558,1.11,2.2,4.09,8.1,10.9,17.85047,23.13881,25.85,34.31,36.99,41.61,54.82,61.15832,65.34,67.38,69.85,74.88997,76.91999,78.2477,83.49172,83.49479,83.5,84.11401,87.00014,87.00006,91.99989,93.5061,95.0369,96.8661,97.1877,
irn,Iran,,,,,0.00041,0.00418,0.0158,0.0468,0.0998,0.379,0.93419,1.48422,4.62618,6.93372,7.49,8.1,8.76,9.47,12.02,13.8,15.9,19,22.73,29.95,39.35361,45.33498,53.22677,64.04397,70.20057,72.4509,75.56987,78.59574,81.7165,83.7105,85.3404,
irq,Iraq,,,,,,,,,,,,0.1,0.5,0.6,0.9,0.9,0.95234,0.93,1,1.06,2.5,5,7.1,9.2,11.64533,15.2144,19.8772,25.9692,33.9281,44.32635,53.6778,65.0022,78.71561,81.8089,81.4745,
isl,Iceland,,0.505,1.54,2.67,6.79,11.2,14.8,27.5,36.3,41.3,44.47053,49.393,79.12,83.14,83.88,87,89.51,90.6,91,93,93.39,94.81969,96.2098,96.5468,98.15802,98.2,98.24,98.2552,99.01095,99.50494,99.53275,99.68702,97.5834,97.9486,98.2092,
isr,Israel,0.111,0.215,0.311,0.399,0.577,0.93,2.17,4.4,10.3,13.4,20.87379,17.37862,17.7646,19.59339,22.77049,25.194,27.8811,48.12806,59.39,63.12,67.5,68.87388,70.8,70.25031,75.01775,77.35209,79.65312,81.58118,83.73316,86.78788,90.12734,90.2969,91.8508,87.03843,88.18242,
ita,Italy,0.0175,0.0351,0.0701,0.122,0.192,0.524,1.02,2.28,4.56,14.4,23.11087,27.22212,28.04,29.04,33.24,35,37.99,40.79,44.53,48.83,53.68,54.39,55.83,58.4593,55.63846,58.14173,61.32425,63.07735,74.38718,67.85071,70.48343,74.86233,85.06075,87.02783,89.22072,
jam,Jamaica,,,,,0.0368,0.109,0.591,0.798,1.98,2.36,3.11578,3.86302,6.1,7.8,10,12.8,16.4,21.1,23.6,24.3,27.67,37.43861,33.79,37.1,40.40274,42.22122,44.36686,55.07207,68.21452,70.84102,76.384,82.36072,85.8433,89.47304,90.1087,
jor,Jordan,,,,,,0.0232,0.0449,0.599,1.31,2.53,2.62328,4.70572,6.02553,8.46601,11.65874,12.9329,13.8671,20,23,26,27.2,34.9,37,41.4,46.2,54.22,56.15,64.5,65.2,70.0847,78.4178,86,90.5,92.53444,95.62245,
jpn,Japan,0.0203,0.0404,0.0967,0.401,0.8,1.59,4.37,9.16,13.4,21.4,29.99074,38.53206,46.5942,48.43527,62.39393,66.92107,68.68527,74.3,75.4,78,78.21,79.05411,79.4964,88.21943,89.10683,91.05803,93.18272,91.72655,88.74635,92.7304,90.21946,82.91408,84.92343,85.0099,85.54153,
kaz,Kazakhstan,,,,,0.00052,0.0113,0.0318,0.0646,0.131,0.464,0.66859,1.00612,1.67477,2.00041,2.65039,2.9617,3.2684,4.02,11,18.2,31.6,50.6,61.90663,63.30422,66,70.82993,74.58773,76.42675,78.90392,81.87762,85.9426,90.92395,92.29685,92.87846,93.39167,
ken,Kenya,,,,,,0.00073,0.00884,0.0344,0.0503,0.114,0.31806,0.61978,1.20777,2.9419,3.02353,3.1019,3.6,4.4,5.2,6.1,7.2,8.8,10.5,13,16.5,16.58785,16.6,17.8271,19.5,22.66877,24.7228,26.9629,29.4059,32.0704,34.97623,
kgz,Kyrgyz Republic,,,,,,,,,0.0728,0.205,1.0414,3.00294,2.99927,3.90877,5.09039,10.5338,12.3069,14.03,15.7,16,16.3,17.5,19.8,23,28.3,30.247,40.5262,50.8053,62.8,64.1,72,77.1177,84.1937,91.0444,92.0286,
khm,Cambodia,,,,,,,,0.00584,0.0163,0.032,0.04702,0.07696,0.22698,0.26057,0.30044,0.31732,0.4684,0.49,0.51,0.53,1.26,3.1,4.94,6,14,6.43319,32.39845,32.90028,65,52.30588,56.3759,60.7627,65.4908,68.9255,68.4753,
kir,Kiribati,,,,,,,,,0.617,1.21,1.78523,2.33746,2.5,3,3.5,4,4.5,6,7,8.97,9.07,10,10.7468,11.5,12.25,14.9,19.4194,25.3096,32.9864,41.793,52.9509,67.0876,84.9985,88,89.4403,
kna,St. Kitts and Nevis,,,,,,,1.95,2.26,3.34,4.4,5.86281,7.71473,21.15238,22.96978,24.73768,34,38.5,43.5,49.2,55.7,63,63.2,64,64.6,65.3818,66.1731,66.9739,67.7844,68.6048,69.435,70.2753,74.3716,75.7623,76.5895,76.884,
kor,South Korea,0.0233,0.0461,0.0984,0.25,0.311,0.82,1.62,3.6,6.78,23.6,44.7,56.6,59.4,65.5,72.7,73.5,78.1,78.8,81,81.6,83.7,83.75912,84.07,84.77,87.55683,89.89626,92.84303,95.06942,96.02286,96.15758,96.50506,97.57133,97.16855,97.41597,97.89564,
kwt,Kuwait,,,,0.0911,0.147,0.203,0.856,2.17,3.05,4.76,6.7314,8.55179,10.24897,22.40294,22.92711,25.9261,28.7912,34.8,42,50.8,61.4,65.76907,70.45,75.46,78.7,82,85.6,97.99999,99.59885,99.54268,99.10587,99.7,99.7473,99.74731,99.7473,100
lao,Lao,,,,,,,,,0.00966,0.0378,0.11104,0.18166,0.2679,0.33391,0.36143,0.8504,1.1699,1.64,3.55,6,7,9,10.7477,12.5,14.26,18.2,21.87,25.5104,36.2713,47.0323,54,62,64.54,64.398,65.5927,
lbn,Lebanon,,,,,,0.0716,0.14,1.24,2.72,5.38,7.95274,6.78322,7,8,9,10.14,15,18.74,22.53,30.14,43.68,52,61.2498,70.5,73,74,76.11,78.1808,80.9,81.4812,82.0665,82.656,81.4648,81.7059,80.634,
lbr,Liberia,,,,,,,,0.00449,0.0041,0.0113,0.0177,0.03381,0.03271,0.03187,0.03101,0.5514,0.53,0.5514,0.53,2,2.3,2.5,2.6,3.2,5.41,10,15.7,16.3,17.2777,19.8958,22.9107,26.3823,30.3801,31.2241,32.2336,
lby,Libya,,,,,,,,,,0.134,0.18704,0.36653,2.24442,2.81452,3.53284,3.9178,4.3011,4.722,9,10.8,14,14,15.2,16.5,17.76,25,35,47.5,47.5,71.4041,74.3581,77.4388,80.6472,82.1047,81.9545,
lca,St. Lucia,,,,,,0.306,0.67,0.992,1.3,1.93,5.09048,8.18186,14.64184,20.98247,21.39521,21.56758,24.5,27.9,30,31,32.5,34,45.865,49.3872,53.1797,57.2633,58.2226,59.1601,60.1126,61.0805,62.064,63.0633,66.9516,67.4439,68.205,
lie,Liechtenstein,,,,,,,,,,,36.51523,45.11685,59.47071,58.80969,64.00745,63.3714,64.2142,65.0802,70,75,80,85,89.4077,93.8,95.21,96.6412,98.0939,99.5466,,93.1461,94.35,95.5694,97.8807,98.1323,98.2642,
lka,Sri Lanka,,,,,0.00277,0.00548,0.0545,0.162,0.296,0.348,0.64741,0.79382,1.05042,1.45858,1.44616,1.792,2.53757,3.88,4.8245,5.8685,6.9124,7.9564,9.0004,10.0444,10.5,15.2625,22.19,25.0755,28.3362,32.0209,36.18473,44.45309,48.3,51.2,54.59,
lso,Lesotho,,,,,,,0.00285,0.00558,0.011,0.0538,0.21181,0.26115,1.08394,1.5325,2.17552,2.5802,2.97971,3.44543,3.58,3.72,3.86,7,10,15,22,25,32.45386,39,40.8,42.30173,43.6575,45.0567,48.0696,48.9859,51.7966,
ltu,Lithuania,,,,,,,0.277,0.978,1.97,2.92,6.42707,7.17936,17.69,25.91,31.23,36.22,43.9,49.9,55.22,59.76,62.12,63.63998,67.22999,68.4529,72.13354,71.37806,74.37665,77.61526,79.72258,81.58187,83.05555,86.93054,87.7242,88.50287,89.16116,
lux,Luxembourg,,,0.153,0.302,0.496,1.59,5.55,7.14,11.7,17.4,22.88733,36.16342,39.84,54.55,65.88,70,72.51,78.92,82.23,87.31,90.62,90.02986,91.94992,93.7765,94.67021,96.37671,98.1367,97.36296,97.0613,97.12064,98.45963,98.66086,98.24204,99.34786,98.76061,99.12902
lva,Latvia,,,,,,,0.813,2.05,3.32,4.39,6.31906,7.21935,21.94,26.98,38.58,46,53.63,59.17,63.41,66.84,68.42,69.74995,73.11994,75.2344,75.8261,79.20058,79.8421,80.11408,83.57717,86.13546,88.89796,91.17965,91.03009,92.18791,92.70757,
mar,Morocco,,,,,,0.00371,0.00568,0.0216,0.142,0.176,0.69379,1.37144,2.37325,3.35337,11.60793,15.08444,19.77119,21.5,33.1,41.3,52,46.10748,55.41605,56,56.77464,57.08,58.27124,61.76221,64.80387,84.12036,84.12036,88.13032,89.9,91,91.2,
mco,Monaco,,,,,,,,,,,42.18486,46.64614,48.04712,49.49117,52.4902,55.4648,61.476,64.3777,67.25,70.1,75,80.3,87,90.7,92.4,93.3633,95.2082,97.053,,98,98.5708,99.0776,98.7519,98.8705,99.0449,
mda,Moldova,,,,,0.00082,0.00346,0.00464,0.0281,0.261,0.601,1.28285,1.48781,3.78724,7.40754,10.62939,14.63027,19.62065,20.45,23.39,27.5,29.68,32.07,34.65,37.44,67,69,71,71.7671,72.5424,73.3261,74.1183,74.919,74.919,76.5033,77.3688,
mdg,Madagascar,,,,,,,0.0037,0.0143,0.0626,0.169,0.19639,0.22251,0.33972,0.42325,0.52535,0.5677,0.6076,0.65,1.65,1.63,1.7,1.9,2.3,3,3.7,4.174,4.7137,6.406,7.7478,9.3794,11.3547,13.7459,17.8117,18.2408,18.6779,
mdv,Maldives,,,,,,,0.227,0.309,0.57,1.12,2.20387,3.61729,5.34777,5.97659,6.58825,6.86961,11.03635,16.3,23.2,24.8,26.53,34,38.9301,44.1,49.28,54.462,59.4775,64.955,70.9369,77.4697,79.0978,81.9576,83.91189,84.5529,85.24,
mex,Mexico,,0.00588,0.0173,0.0283,0.0433,0.103,0.2,0.627,1.27,1.86,5.08138,7.03802,11.9,12.9,14.1,17.21,19.52,20.81,21.71,26.34,31.05,37.1763,39.75,43.46,44.3857,57.43104,59.54045,53.03179,56.65957,69.63211,71.49017,75.6265,78.63218,81.18319,83.12234,
mhl,Marshall Islands,,,,,,,0.0371,,,0.966,1.53427,1.70661,2.33544,2.56975,3.59978,3.8787,3.79559,3.95,4.6,5.6,7,10,12.5,14,16.8,19.2824,29.7878,38.7012,43.8825,49.7575,56.4191,63.9726,64.2672,64.0759,65.9158,
mkd,North Macedonia,,,,,,0.0407,0.076,0.504,1,1.5,2.48557,3.46818,17.33,19.07,24.44,26.45,28.62,36.3,46.04,51.77,51.9,56.7,57.44995,65.24,68.05848,70.3802,72.15681,74.51682,79.16776,81.41288,81.40554,81.8737,83.8503,88.5,93.6,93.1
mli,Mali,,,,,,,0.00206,0.0101,0.0198,0.0609,0.14255,0.1859,0.22705,0.31036,0.43282,0.5071,0.7296,0.81,1.57,1.8,2,2.2,2.8,3.5,7,10.33,14,18.9,21.4,24.9603,29.113,33.9565,35.1992,36.0388,36.8015,
mlt,Malta,,,,,,0.225,1.05,3.92,6.5,7.76,13.11371,17.87785,28.92,31.64,34.62,41.24,40.41,46.9,50.08,58.86,63,68.01982,68.19987,68.9138,73.11412,75.96002,78.07515,81.01191,81.65804,85.7786,86.85876,87.46978,91.54062,92.07267,93.8603,
mmr,Myanmar,,,,,,,,,,0.00015,,0.00029,0.00043,0.02406,0.02434,0.0652,0.18205,0.21713,0.22,0.22,0.25,0.98,1.4,1.8,7.4,10.9,16,23.62108,29.379,36.5405,45.4477,,,,,
mne,Montenegro,,,,,,,,,,,,,,,25.35007,27.1,28.9,30.8,32.9,35.1,37.5,35.61154,56.83878,60.31,63.88688,68.11979,69.88165,71.27233,71.5171,73.47667,77.60879,82.2197,88.22192,88.5516,88.88258,
mng,Mongolia,,,,,,0.00881,0.0182,0.113,0.146,0.508,1.25565,1.65324,2.03957,,,9,9,9,9.8,10,10.2,12.49999,16.4,17.69998,19.94245,22.5,22.26577,23.7143,47.13,51.07999,62.50003,81.60682,81.0772,83.7432,85.1235,
moz,Mozambique,,,,,,,0.00304,0.0118,0.0202,0.0563,0.10959,0.16003,0.25961,0.41954,0.67945,0.8544,0.84295,0.91,1.56,2.68,4.17,4.6,5,5.5,6,6.5,7,7.79633,10.9,12.4793,14.2874,16.3576,18.9622,19.9456,20.5273,
mrt,Mauritania,,,,,,,,0.00417,0.0406,0.118,0.19203,0.26145,0.36323,0.424,0.48147,0.67,0.9797,1.4336,1.87,2.28,4,4.5,5,6.2,11.8,17.6,19.2328,21.0172,22.967,25.0978,29.9065,35.6366,42.4645,44.9563,45.7794,
mus,Mauritius,,,,,,,0.184,0.476,2.57,4.65,7.28154,8.7809,10.25262,12.18711,13.68909,15.1722,16.7,20.22,21.81,22.51,28.33,34.95,35.42,40.11683,44.80328,50.13932,52.1913,55.40324,58.59617,61.72996,67.73291,71.6,75.5,79.5,73.30794,
mwi,Malawi,,,,,,,,0.00467,0.0181,0.0873,0.12678,0.16402,0.21509,0.27882,0.34751,0.3845,0.4251,0.96586,0.7,1.07,2.26,3.33,4.3506,5.05,5.83,6,6.3,7,8.7983,11.0586,13.8995,15.303,16.8483,17.9881,18.9616,
mys,Malaysia,,,0.00105,0.0255,0.0996,0.146,0.852,2.31,6.75,12.3,21.38473,26.69597,32.3382,34.97115,42.25227,48.62917,51.63799,55.7,55.8,55.9,56.3,61,65.8,57.05751,63.66543,71.06407,78.78831,80.14048,81.20105,84.18715,89.55501,96.75143,97.39864,97.69273,98.02061,
nam,Namibia,,,,,,0.00617,0.00903,0.0588,0.287,0.336,1.64474,2.41698,2.6337,3.35984,3.80472,4.01,4.39887,4.83561,5.329,6.5,11.6,12,12.9414,13.9,14.84,25.6879,31.0333,36.8374,42.8207,49.7759,57.8608,60.26,62.9972,63.6955,64.8746,
ner,Niger,,,,,,,0.00104,0.00201,0.00291,0.0281,0.03626,0.10519,0.12715,0.1557,0.18993,0.2213,0.294,0.3904,0.7,0.76,0.83,0.9,1.05,1.15,1.24868,2.4762,4.3228,10.22431,10.7418,11.2855,11.8568,12.4569,13.0875,12.9808,15.5576,
nga,Nigeria,,,,,,,0.00883,0.0172,0.0252,0.041,0.06408,0.0899,0.32046,0.55858,1.28614,3.54916,5.54504,6.77,8,9.3,11.5,13.8,16.1,19.1,21,22.5142,24.1375,25.8779,27.7437,29.7441,31.8888,35.5098,39.1472,40.064,41.2114,
nic,Nicaragua,,,,,0.0132,0.03,0.0841,0.206,0.304,0.498,0.98022,1.4488,1.71473,1.88041,2.32066,2.5664,2.80557,3.9,5.3,7.3,10,10.6,13.5,15.5,17.6,19.7043,24.5718,30.4,33.913,39.0108,44.8749,51.6204,59.38,60.3012,61.3955,
nld,Netherlands,0.334,0.531,1.32,1.97,3.26,6.47,9.65,14.1,22.2,39.2,43.98435,49.37306,61.29,64.35,68.52,81,83.7,85.82,87.42,89.63,90.72,91.42,92.85999,93.9564,91.66667,91.72414,90.41096,93.19728,91.89189,93.28859,91.33333,92.05298,92.51969,97.0068,97.0068,
nor,Norway,0.707,1.41,2.22,2.78,4.15,6.42,18.3,20.4,22.6,40,52,64,72.84,78.13,77.69,81.99,82.55,86.93,90.57,92.08,93.39,93.48998,94.64998,95.0534,96.30051,96.81033,97.2982,96.3576,96.49166,98,94.60756,99,98.99998,99,99,
npl,Nepal,,,,,,0.00093,0.00451,0.022,0.0644,0.147,0.20465,0.24002,0.31296,0.38281,0.44984,0.82655,1.14139,1.41,1.73,1.97,7.93,9,11.1493,13.3,15.44,17.5816,20.7,24.3,28.6,33.3366,36.9653,40.9891,45.4508,45.8068,46.3219,
nru,Nauru,,,,,,,,,,,,2.98716,,,,,,,,,,54,,,,,,62.3851,,74.7379,77.4666,80.295,83.2266,83.0397,83.0117,
nzl,New Zealand,,,0.286,0.631,3.17,4.88,8.04,14.6,31.6,41.5,47.37956,53.24102,59.08075,60.96254,61.84763,62.7202,69,69.76,72.03,79.7,80.46,81.23,81.64447,82.78,84,85.2,86.5,87.7,89,89.8637,90.921,91.9906,93.0729,93.3261,93.5193,
omn,Oman,,,,,,,,0.44,0.863,2.52,3.52042,5.89384,6.8734,7.25574,6.75885,6.6836,8.2997,16.68,20,26.8,35.8278,48,60,66.45,70.22,73.53,76.84539,80.1856,85.5,90.2594,95.23229,95.2388,95.2453,95.2517,95.25175,
pak,Pakistan,,,,,,0.00012,0.00299,0.0275,0.0439,0.0554,,1.31855,2.57743,5.04116,6.16432,6.3323,6.5,6.8,7,7.5,8,8,8.1,9,10,11,12.38545,13.78,15.34,17.0709,18.935,,,,57.253,
pan,Panama,,,,,0.00764,0.0561,0.22,0.539,2.75,3.84,6.5548,7.2684,8.51808,9.98742,11.14086,11.484,17.3496,22.29,33.82,39.08,40.1,42.7,40.3019,44.03,44.92382,51.20542,54,59.95063,61.80553,63.62841,64.8243,66.0427,67.2839,68.54852,72.7715,
per,Peru,,,,,0.0085,0.0334,0.246,0.403,1.19,1.95,3.07643,7.57876,8.96695,11.6,14.1,17.1,20.7,25.2,30.57,31.4,34.77,36.01,38.2,39.2,40.24466,40.8526,45.46174,50.45041,55.05433,59.9505,65.2518,71.10783,74.67495,79.48484,81.95706,
phl,Philippines,,,,,0.00584,0.0286,0.0559,0.137,1.1,1.43,1.98225,2.52401,4.33228,4.85767,5.24363,5.3976,5.74059,5.97,6.22,9,25,29,30.8,32.7,34.7,36.9,39.2,41.6,44.1,43.02661,53.7649,66.9078,75.21114,77.867,67.26301,
plw,Palau,,,,,,,,,,,,,20.24394,21.60153,26.97033,,,,,,,,,,,,,,,,,,82.5675,82.9163,83.9255,
png,Papua New Guinea,,,,,,,0.00207,0.101,0.235,0.667,0.83525,0.9041,1.32166,1.3744,1.50791,1.71619,1.75449,1.7906,1.15,1.61,1.28,2,3.5,5.1,6.5,7.9,9.6015,11.2092,12.3579,13.6242,15.0204,16.5596,18.2566,18.5613,18.8116,
pol,Poland,,0.00523,0.0521,0.13,0.389,0.648,1.3,2.07,4.1,5.46,7.28543,9.90067,21.15,24.87,32.53,38.81,44.58,48.6,53.13,58.97,62.32,61.95,62.31,62.8492,66.59874,67.99699,73.3007,75.98537,77.54173,80.43591,83.18489,85.37491,86.94113,86.41474,88.58496,
prk,North Korea,,,,,,,,,,,,,,,,,,,,,,,,,,,,,,,,,,,,
prt,Portugal,,0.1,0.25,0.45,0.719,1.49,2.98,4.95,9.87,14.7,16.43047,18.08714,19.37,29.67,31.78,34.99,38.01,42.09,44.13,48.27,53.3,55.25,60.34,62.0956,64.59242,68.63286,70.42357,73.79121,74.66097,75.34638,78.26166,82.30903,84.49691,85.79013,88.48704,
pry,Paraguay,,,,,,,0.0204,0.0996,0.195,0.382,0.74763,1.09879,1.79497,2.11194,3.45244,7.90701,7.9621,11.21,14.27,18.9,19.8,24.76352,29.34,36.9,43.00738,49.7163,53.40413,61.07576,64.99354,68.51763,73.95751,77.01839,76.25917,78.09482,81.57807,
pse,Palestine,,,,,,,,,,,1.11131,1.83685,3.10009,4.13062,4.4009,16.005,18.41,21.176,24.358,32.23,37.4,41.08,43.4,46.6,53.6652,56.7,59.9,63.3,64.39999,70.62258,76.1816,,88.64691,86.63765,,
qat,Qatar,,,,,,0.19,0.93,3.08,3.52,4.07,4.86368,6.17027,10.22613,19.24234,20.70165,24.7335,28.9741,37,44.3,53.1,69,69,69.3,85.3,91.49,92.88483,95.12466,97.38885,99.65285,99.6528,99.65285,99.6528,98.038,98.1523,98.0854,
rou,Romania,,,,0.0037,0.0263,0.075,0.222,0.445,2.24,2.7,3.61372,4.53867,6.58,8.9,15,21.5,24.66,28.3,32.42,36.6,39.93,40.01,45.87999,49.7645,54.07832,55.76316,59.50395,63.74728,70.68128,73.65748,78.45527,83.59043,85.50309,89.20335,91.29049,
rus,Russia,,,0.00067,0.0134,0.0538,0.148,0.27,0.473,0.813,1.02,1.97723,2.94437,4.12827,8.29886,12.85939,15.2267,18.0233,24.66,32,42.55,49,58,66,67.97,70.51757,70.09924,73.09143,76.00814,80.86472,82.64216,84.99467,88.21385,90.41799,92.24496,94.36495,
rwa,Rwanda,,,,,,,0.00088,0.00163,0.0118,0.0672,0.06283,0.24067,0.29278,0.35692,0.43085,0.556,,2.1154,4.5,7.7,8,7,8.0239,9,10.6,12.456,14.6371,17.2,19.1666,21.358,23.8,24.4416,28.0168,28.8058,31.7033,
sau,Saudi Arabia,,,,,,0.011,0.0267,0.0521,0.101,0.494,2.21069,4.68105,6.38471,8.00158,10.23453,12.70504,19.45955,30,36,38,41,47.5,54,60.5,64.71366,69.61624,74.87927,94.1756,93.31,95.72474,97.86233,100,100,100,100,
sdn,Sudan,,,,,,,,0.00123,0.00481,0.00879,0.02579,0.14019,0.43948,0.53847,0.79156,,,8.66,,,,,,,,12,14.1,18.6,,,,,,,,
sen,Senegal,,,,,,0.00069,0.0112,0.0273,0.0799,0.311,0.40397,0.98379,1.00645,2.10144,4.38602,4.78668,5.61174,6.89,7.12,7.5,8,9.8,10.8,13.1,17.7,21.7,25.6648,29.6431,35.3,43.3797,53.3088,55.0404,56.8283,59.1874,60.1178,
sgp,Singapore,,0.162,0.471,0.763,1.19,2.87,8.35,13.5,19.6,24.2,36,41.67043,47,53.83794,62,61,59,69.9,69,69,71,71,72,80.9021,79.02924,79.01296,84.45227,84.45227,88.16564,88.94925,92.00435,96.92468,95.95386,94.28519,94.37757,
slb,Solomon Islands,,,,,,0.0249,0.269,0.392,0.508,0.495,0.4813,0.46855,0.50192,0.55561,0.64967,0.8443,1.6463,2,3,4,5,6,6.9974,8,9,10.0005,11.0009,15.1484,20.8594,22.4888,24.1984,26.0379,28.0173,28.6724,29.0407,
sle,Sierra Leone,,,,,,,0.00251,0.00499,0.0148,0.0485,0.11825,0.16026,0.1762,0.19017,0.20301,0.2154,0.2277,0.2398,0.25,0.26,0.58,0.9,2.5,4,6.0573,6.3444,7.6801,9.2971,14.4223,15.7137,17.1208,18.6539,21.5088,23.7136,25.105,
slv,El Salvador,,,,,,,0.0864,0.257,0.425,0.845,1.1774,1.5,1.9,2.5,3.2,4.2,5.5,6.11,10.08,12.11,15.9,18.9,20.32139,23.1093,24.76171,26.8026,28.9971,33.82073,43.8,50.49119,54.60137,57.2638,60.0561,62.6199,66.4777,
smr,San Marino,,,,,,1.36,1.43,1.42,1.41,42.8,48.7995,50.34167,50.83484,50.00345,50.56634,,50.20866,50.36482,54.52,54.21,,49.6,,,,,55,60.1823,,67.8507,77.95,81.67,97.3279,97.3364,97.3522,
som,Somalia,,,,,,,0.00151,0.00295,0.00716,0.0139,0.02,0.07904,0.11561,0.3762,1.05345,1.0773,1.1002,1.1222,1.1427,1.1606,,1.25,1.3767,1.5,1.63,1.76,1.88,,,2.7314,15.0237,23.8748,27.6,26.1201,27.9402,
srb,Serbia,,,,,,,,,,,,,,,23.5,26.3,27.2,33.15,35.6,38.1,40.9,42.2,48.1,53.45036,62.07508,65.31703,67.05684,70.33084,73.36071,77.41677,78.36805,81.16588,83.53825,85.35747,87.69071,
ssd,South Sudan,,,,,,,,,,,,,,,,,,,,,,,1.5,2.2,2.6,3,3.5,4.1,4.8,6.671,,,,,,
stp,Sao Tome and Principe,,,,,,,,,0.296,0.363,4.63852,6.31092,7.58067,10.16184,13.32285,13.7595,14.182,14.59048,15.48,16.41,18.75,20.1612,21.5724,23,24.41,25.82,28,32.6164,37.9938,44.2579,51.5547,54.9495,58.5678,58.7013,59.1176,
sur,Suriname,,,,,,0.115,0.226,1,1.67,1.89,2.50641,3.06445,4.16157,4.71988,6.07605,6.40309,9.4996,14.11,21.06,31.36,31.59,32,34.6812,37.4,40.08,42.7638,45.4,48.9452,55.1021,62.0335,,,,87.4,,
svk,Slovak Republic,,,,0.128,0.319,0.523,0.783,1.17,2.69,5.44,9.4268,12.52832,40.14,43.04,52.89,55.19,56.08,61.8,66.05,70,75.71,74.44,76.70999,77.8826,79.9843,77.63468,80.47586,81.62567,80.44892,82.85366,89.9209,88.92561,89.06766,87.21313,89.82507,
svn,Slovenia,,,,0.41,1.07,2.9,5.07,7.59,10.1,12.6,15.11026,30.17591,27.83889,31.85479,40.81,46.81,54.01,56.74,58,64,70,67.33999,68.34997,72.6756,71.58625,73.09866,75.4985,78.88543,79.74998,83.10836,86.6013,89.004,88.91249,90.37795,90.76355,
swe,Sweden,0.584,1.16,1.5,1.72,3.41,5.1,9.04,23.7,33.5,41.4,45.68765,51.76566,70.57,79.13,83.89,84.83,87.76,82.01,90,91,90,92.76999,93.17999,94.7836,92.52361,90.6102,89.65095,93.00627,89.24696,94.49344,94.53943,94.67032,95.0097,95.70327,95.5293,95.7663
swz,Eswatini,,,,,,0.00103,0.0504,0.0885,0.0961,0.471,0.92619,1.28159,1.8162,2.43707,3.22869,3.697,3.69654,4.1,6.85,8.94,11.04,18.13,20.7818,24.7,25,25.643,28.57,35.3316,39.381,43.9339,49.013,53.9953,57.3437,61.3333,63.4031,
syc,Seychelles,,,,,,,0.651,1.28,2.53,6.23,7.39563,11.0151,14.30417,14.5925,24.27214,25.41327,34.95197,38.38,40.44,,41,43.164,47.076,50.4,51.2547,54.2596,56.5147,62.5531,69.2366,76.6342,79.2517,81.9953,84.8338,86.0013,87.818,
syr,Syria,,,,,,,,0.0326,0.0637,0.124,0.1817,0.35376,2.0931,3.39797,4.32159,5.6481,7.8326,11.5,14,17.3,20.7,22.5,24.3001,26.2,28.09,29.9798,31.8696,32.7,33.77,,,,,,,
tcd,Chad,,,,,,,,0.00066,0.00427,0.0123,0.03571,0.04593,0.16607,0.32031,0.36092,0.39926,0.58105,0.84722,1.19,1.5,1.7,1.9,2.1,2.5,2.9,3.5,5.8,6.3519,6.9563,7.6182,8.3431,9.6537,11.1703,12.0359,12.6269,
tgo,Togo,,,,,,,0.0109,0.211,0.306,0.59,0.8,0.9,1,1.2,1.5,1.8,2,2.2,2.4,2.6,3,3.5,4,4.5,5.7,7.12,11.31,12.36022,15.5,20.7273,29.0237,30.3384,35.6075,37.5702,39.4832,
tha,Thailand,,0.00005,0.00034,0.0136,0.0386,0.0748,0.115,0.361,1.09,2.43,3.68904,5.55633,7.53125,9.29903,10.6773,15.026,17.16071,20.03,18.2,20.1,22.4,23.66993,26.46,28.94,34.88605,39.31613,47.50497,52.89193,56.81748,66.65242,77.84374,85.26957,87.97725,89.53525,90.86719,
tjk,Tajikistan,,,,,,,,,,0.0328,0.0486,0.05126,0.05546,0.06458,0.07748,0.29869,3.77241,7.19762,8.78,10.07,11.55,13.03,14.51,16,17.49,18.98,20.47,21.96,32.6,22.6863,27.5441,36.7056,48.9143,54.4155,55.7934,
tkm,Turkmenistan,,,,,,,,,,0.045,0.13328,0.17521,0.30213,0.42518,0.75405,0.9973,1.31957,1.40636,1.75,1.95,3,5,7.1958,9.6,12.2,14.9968,17.9903,,,,,,,,,
tls,Timor-Leste,,,,,,,,,,,,,,,,0.09903,0.5,1,1.5,2,3,4,7,11,17.5,18.6,21.2,24.2,27.6,28.0046,32.0127,35.042,,,,
ton,Tonga,,,,,,0.123,0.164,0.511,0.765,1.02,2.4344,2.82537,2.9073,2.98582,3.95237,4.9078,5.8539,7.1799,8.11077,10,16,25,30,32.754,35.9544,38.6513,39.95,46.2008,48.8079,51.563,54.4737,57.549,61.6074,64.1314,67.4417,
tto,Trinidad and Tobago,,,,,,0.158,0.393,1.17,2.72,5.81,7.72141,15.38463,21.99868,25.97176,27.02427,28.9767,30.0037,32.3,34.8,44.3,48.5,55.2,57.5,59.9,62.4,65.1,67.8,70.6,72.7603,74.9867,77.2813,84.36577,81.6976,81.9681,82.1599,
tun,Tunisia,,,,,0.00738,0.0112,0.0276,0.0437,0.108,1.6,2.75074,4.29797,5.25289,6.49085,8.52882,9.6551,12.9864,17.1,27.53,34.07,36.8,39.1,41.4416,43.8,46.16,46.49999,49.59999,55.50016,64.19081,66.7,68.5564,68.31552,,,76.5,
tur,Turkey,,,,0.00846,0.0499,0.0817,0.193,0.474,0.699,2.29,3.76169,5.18948,11.38,12.33,14.58,15.46,18.24,28.63,34.37,36.4,39.82,43.06571,45.13,46.25,51.03737,53.74498,58.34773,64.68462,71.04276,73.9767,77.66956,81.40844,83.43717,85.96074,87.30788,89.77024
tuv,Tuvalu,,,,,,,,,,,5.24164,5.7,6.3,6.9,7.6,8.3,9.1,10,11.2,12.8,14.6,16.5,18.7,21.2,24.1,27.3,31,35.2,,,,,,,,
tza,Tanzania,,,,,,,0.00162,0.0079,0.00924,0.0751,0.11719,0.1713,0.22248,0.67696,0.87757,1.1,1.3,1.6,1.9,2.4,2.9,3.2,3.95,4.4,7,10,13.50423,14.4634,15.4907,16.5909,19.4814,22.8754,26.8606,28.4319,31.1621,
uga,Uganda,,,,,,0.00286,0.00463,0.0103,0.0653,0.106,0.16371,0.23795,0.38409,0.46485,0.71997,1.7422,2.5294,3.67197,3.88,4.1,4.3,4.6,4.8,5.1,5.4,5.7,5.9,7.4179,9.3263,11.7258,7.4,10,9.6369,9.287,8.94983,
ukr,Ukraine,,,,0.00078,0.0136,0.0431,0.0986,0.199,0.301,0.405,0.71618,1.23876,1.87389,3.14813,3.48948,3.7498,4.50612,6.55,11,17.9,23.3,28.70826,35.27,40.95413,46.23598,48.88464,53.00097,58.88948,62.55316,70.12484,75.03791,79.21829,80.4743,81.5806,82.4749,
ury,Uruguay,,,,,0.0625,0.31,1.85,3.36,6.99,9.97,10.53906,11.12144,11.41947,15.93714,17.0631,20.08819,29.4,34,39.3,41.8,46.4,51.40466,54.45377,57.69,61.4625,64.57079,66.4,70.32235,80.72684,83.35153,85.471,87.6444,89.87304,90.9259,91.99109,
usa,USA,0.785,1.16,1.72,2.27,4.86,9.24,16.4,21.6,30.1,35.8,43.07916,49.08083,58.7854,61.69712,64.75826,67.9681,68.9312,75,74,71,71.69,69.72946,74.7,71.4,73,74.5542,85.54442,87.27489,88.4989,89.43028,90.3447,91.2684,92.7285,93.5256,94.6938,
uzb,Uzbekistan,,,,,,0.00153,0.00429,0.0105,0.0208,0.0307,0.48435,0.59757,1.08194,1.9126,2.59373,3.34351,6.38832,7.4906,9.08011,11.9,15.9,18.6,23.6,26.8,35.5,42.8,46.7913,48.7,55.2,70.4,71.1,76.59043,83.9,89.01361,89.5055,
vct,St. Vincent and the Grenadines,,,,,,0.129,0.483,0.926,1.85,2.78,3.24504,5.09481,5.54959,6.46227,7.37117,9.19828,12,16,21,31,33.7,36.7,40,43.5,47.4,49.4,51.5,53.7,56,59.5763,63.381,68.8334,74.7548,75.5368,76.1901,
ven,Venezuela,,,0.0121,0.0416,0.0555,0.122,0.248,0.391,1.38,2.84,3.3596,4.636,4.91045,7.49996,8.40447,12.553,15.22471,20.83,25.88,32.7,37.37,40.22,49.05008,54.9,57,58,60,,,49.0501,72.4411,74.1122,75.8218,76.3319,76.6789,
vnm,Vietnam,,,,,,,0.00014,0.00398,0.0131,0.129,0.25425,1.26565,1.855,3.78028,7.64241,12.73993,17.25456,20.75544,23.92,26.55,30.65,35.07,36.8,38.5,41,45,53,58.14,69.84793,68.66158,70.3,74.21,78.59,78.08,84.15,
vut,Vanuatu,,,,,,,0.0568,0.14,0.274,0.538,2.10834,2.83057,3.51004,3.9033,4.7466,5.0823,5.8506,6.8,7.26912,7.5,8,9.2,10.598,11.3,18.8,22.3514,,,,,,,,,,
wsm,Samoa,,,,,,,,0.175,0.23,0.285,0.56639,1.6899,2.24483,2.79963,3.07553,3.35259,4.46917,4.75,5.0316,6,7,11,12.9225,15.3,21.2,,,,,,,,,,,
yem,Yemen,,,,,,,0.00062,0.015,0.0233,0.0566,0.0825,0.0908,0.5188,0.60473,0.88122,1.0486,1.24782,5.01,6.89,9.96,12.35,14.905,17.4465,20,22.55,24.0854,24.5792,,,17.491,,,,,,
zaf,South Africa,,0.0133,0.0389,0.114,0.247,0.677,0.842,1.63,2.91,4.12,5.34856,6.34662,6.71032,7.00769,8.42512,7.48854,7.60714,8.06538,8.43,10,24,33.97,41,46.5,49,51.9191,54,56.1674,62.4,69.6969,72.1128,74.9686,78.2932,78.3367,78.3576,
zmb,Zambia,,,,,0.00678,0.00878,0.00907,0.00933,0.0302,0.147,0.19107,0.23313,0.47775,0.98048,1.1,1.3,1.6,1.9,2.2,2.5,3,3.5,4.1,4.8,6.5,8.8,10.3,12.2,14.3,14.4719,14.6458,14.8219,15,16.4507,17.101,
zwe,Zimbabwe,,,,,0.00174,0.00768,0.0168,0.0331,0.0816,0.162,0.40143,0.79985,1.1,1.8,2.1,2.4,2.4,3,3.5,4,6.4,8.4,12,15.5,16.36474,22.7428,23.12,24.4,25,26.5883,29.29857,32.5924,36.2565,38.6748,41.6428,
